"zona","barrio","condcasa","acons","aremo","aventa","precio"
"RL","CollgCr",5,2003,2003,2008,208500
"RL","Veenker",8,1976,1976,2007,181500
"RL","CollgCr",5,2001,2002,2008,223500
"RL","Crawfor",5,1915,1970,2006,140000
"RL","NoRidge",5,2000,2000,2008,250000
"RL","Mitchel",5,1993,1995,2009,143000
"RL","Somerst",5,2004,2005,2007,307000
"RL","NWAmes",6,1973,1973,2009,200000
"RM","OldTown",5,1931,1950,2008,129900
"RL","BrkSide",6,1939,1950,2008,118000
"RL","Sawyer",5,1965,1965,2008,129500
"RL","NridgHt",5,2005,2006,2006,345000
"RL","Sawyer",6,1962,1962,2008,144000
"RL","CollgCr",5,2006,2007,2007,279500
"RL","NAmes",5,1960,1960,2008,157000
"RM","BrkSide",8,1929,2001,2007,132000
"RL","NAmes",7,1970,1970,2010,149000
"RL","Sawyer",5,1967,1967,2006,90000
"RL","SawyerW",5,2004,2004,2008,159000
"RL","NAmes",6,1958,1965,2009,139000
"RL","NridgHt",5,2005,2006,2006,325300
"RM","IDOTRR",7,1930,1950,2007,139400
"RL","CollgCr",5,2002,2002,2008,230000
"RM","MeadowV",7,1976,1976,2007,129900
"RL","Sawyer",8,1968,2001,2010,154000
"RL","NridgHt",5,2007,2007,2009,256300
"RL","NAmes",7,1951,2000,2010,134800
"RL","NridgHt",5,2007,2008,2010,306000
"RL","NAmes",6,1957,1997,2006,207500
"RM","BrkSide",6,1927,1950,2008,68500
"C (all)","IDOTRR",4,1920,1950,2008,40000
"RL","Sawyer",6,1966,2006,2008,149350
"RL","CollgCr",5,2007,2007,2008,179900
"RL","NAmes",5,1959,1959,2010,165500
"RL","NridgHt",5,2005,2005,2007,277500
"RL","NridgHt",5,2004,2005,2006,309000
"RL","CollgCr",5,1994,1995,2009,145000
"RL","NAmes",6,1954,1990,2009,153000
"RL","NAmes",7,1953,2007,2010,109000
"RL","Edwards",5,1955,1955,2008,82000
"RL","NAmes",5,1965,1965,2006,160000
"RL","Timber",6,1959,1959,2007,170000
"RL","SawyerW",7,1983,1983,2007,144000
"RL","CollgCr",6,1975,1980,2008,130250
"RL","NAmes",6,1959,1959,2006,141000
"RL","NridgHt",5,2005,2005,2010,319900
"RL","Mitchel",5,2003,2003,2009,239686
"FV","Somerst",5,2006,2006,2007,249700
"RM","OldTown",5,1920,2008,2009,113000
"RL","Sawyer",7,1966,1966,2007,127000
"RL","Gilbert",6,1997,1997,2007,177000
"RM","BrkSide",6,1934,1950,2006,114500
"RM","IDOTRR",5,1963,1963,2010,110000
"RL","Veenker",5,1981,1987,2006,385000
"RL","NAmes",5,1955,1955,2007,130000
"RL","NAmes",5,1964,1964,2008,180500
"FV","Somerst",5,1999,2000,2009,172500
"RL","CollgCr",5,2004,2004,2006,196500
"RL","StoneBr",5,2006,2006,2006,438780
"RL","CollgCr",7,1972,1972,2008,124900
"RL","SawyerW",5,2004,2004,2006,158000
"RM","IDOTRR",7,1920,1996,2007,101000
"RL","NridgHt",5,2006,2006,2007,202500
"RM","OldTown",6,1921,1950,2010,140000
"RL","CollgCr",5,1997,1998,2009,219500
"RL","NridgHt",5,2004,2005,2007,317000
"RL","NAmes",5,1970,1989,2010,180000
"RL","CollgCr",5,2003,2003,2007,226000
"RM","OldTown",6,1945,1950,2010,80000
"RL","ClearCr",4,1953,1953,2006,225000
"RL","NAmes",6,1973,1973,2007,244000
"RL","Mitchel",6,1982,2006,2007,129500
"RL","Gilbert",5,1998,1998,2009,185000
"RL","NAmes",7,1954,2003,2010,144900
"RM","OldTown",6,1915,1950,2010,107400
"RM","MeadowV",5,1973,1973,2009,91000
"RL","NAmes",7,1956,1956,2008,135750
"RM","BrkSide",5,1948,2001,2008,127000
"RL","Sawyer",5,1968,1968,2010,136500
"RM","OldTown",6,1910,1981,2009,110000
"RL","NAmes",6,1968,1968,2009,193500
"RM","Mitchel",5,1998,1998,2006,153500
"RL","Somerst",5,2007,2007,2008,245000
"RL","NAmes",5,1960,1960,2007,126500
"RL","Gilbert",5,1995,1996,2009,168500
"RL","NoRidge",5,1991,1992,2006,260000
"RL","Gilbert",5,2005,2005,2009,174000
"FV","Somerst",5,2009,2009,2009,164500
"C (all)","IDOTRR",2,1915,1982,2009,85000
"RL","CollgCr",5,1994,1995,2007,123600
"RL","NAmes",5,1950,1950,2006,109900
"RL","NAmes",3,1961,1961,2006,98600
"RL","Crawfor",7,1921,2006,2009,163500
"C (all)","OldTown",6,1910,1998,2007,133900
"RL","CollgCr",5,1997,1997,2007,204750
"RL","Gilbert",8,1993,1993,2009,185000
"RL","CollgCr",5,1999,1999,2006,214000
"RL","Edwards",5,1965,1965,2007,94750
"RL","Edwards",5,1920,1950,2010,83000
"RL","NAmes",5,1959,1959,2010,128950
"RL","NWAmes",7,1977,2001,2010,205000
"RL","SawyerW",5,1985,1985,2010,178000
"RL","SawyerW",5,1979,1979,2009,118964
"RL","CollgCr",5,2009,2009,2010,198900
"RM","IDOTRR",4,1931,1950,2007,169500
"FV","Somerst",5,2003,2004,2008,250000
"RM","OldTown",7,1885,1995,2007,100000
"RM","OldTown",5,1948,1950,2008,115000
"RM","IDOTRR",7,1919,2005,2007,115000
"RL","NWAmes",6,1977,1977,2010,190000
"RL","Edwards",4,1954,1972,2006,136900
"RL","Gilbert",5,2000,2000,2010,180000
"RL","CollgCr",5,2007,2007,2007,383970
"RL","Crawfor",5,1953,1953,2007,217000
"RL","Crawfor",8,1945,2002,2007,259500
"FV","Somerst",5,1999,1999,2007,176000
"RL","Sawyer",5,1962,1962,2009,139000
"RL","Edwards",5,2006,2007,2007,155000
"RL","SawyerW",5,1990,1990,2010,320000
"RL","CollgCr",5,2005,2006,2006,163990
"RL","ClearCr",5,1969,1969,2006,180000
"RM","IDOTRR",5,1939,1950,2007,100000
"RL","NAmes",7,1958,1958,2008,136000
"RL","SawyerW",5,1993,1993,2008,153900
"RL","NWAmes",5,1979,1998,2009,181000
"RM","IDOTRR",8,1935,1982,2006,84500
"RL","NPkVill",5,1976,1976,2007,128000
"RM","OldTown",7,1930,1950,2007,87000
"RL","NAmes",5,1966,1966,2006,155000
"RL","NAmes",7,1958,1991,2006,150000
"RL","NAmes",6,1966,1966,2006,226000
"RL","Gilbert",5,2000,2000,2009,244000
"RL","NAmes",6,1959,2002,2007,150750
"RL","Timber",5,2001,2002,2009,220000
"RL","Sawyer",6,1968,1993,2006,180000
"RL","NWAmes",6,1970,1970,2008,174000
"RL","NAmes",5,1967,1967,2007,143000
"RL","Mitchel",5,1988,1989,2006,171000
"RL","CollgCr",5,1999,2000,2008,230000
"RL","CollgCr",5,1997,1997,2009,231500
"RL","NAmes",5,1971,1971,2010,115000
"RL","CollgCr",5,2005,2005,2006,260000
"RL","NAmes",4,1952,1952,2010,166000
"RL","CollgCr",5,1999,1999,2009,204000
"RM","Sawyer",5,1963,1963,2006,125000
"RM","Edwards",5,2004,2006,2006,130000
"RM","BrkSide",7,1931,1993,2009,105000
"RL","Gilbert",5,2001,2001,2010,222500
"RL","SawyerW",5,2004,2005,2008,141000
"RM","BrkSide",4,1936,1950,2006,115000
"RL","CollgCr",6,1975,1975,2007,122000
"RL","NridgHt",5,2007,2008,2008,372402
"RL","NWAmes",5,1971,1971,2006,190000
"RL","ClearCr",7,1960,1975,2008,235000
"RM","OldTown",5,1923,1950,2006,125000
"RL","Edwards",5,1924,1950,2008,79000
"RL","NAmes",7,1950,1950,2006,109500
"RL","Timber",5,2009,2010,2010,269500
"FV","Somerst",5,2004,2005,2010,254900
"RL","Gilbert",5,2005,2006,2006,320000
"RL","Veenker",6,1984,1984,2008,162500
"RL","NridgHt",5,2003,2004,2008,412500
"RL","NridgHt",5,2005,2005,2010,220000
"RL","OldTown",6,1956,1956,2007,103200
"RM","OldTown",7,1926,2004,2007,152000
"RL","Edwards",7,1940,1999,2008,127500
"RL","ClearCr",5,1955,1993,2009,190000
"RL","NridgHt",5,2007,2007,2007,325624
"RL","Gilbert",5,2004,2004,2007,183500
"RL","Timber",6,1981,1981,2006,228000
"RM","OldTown",6,1941,1950,2007,128500
"RL","NAmes",5,1960,1960,2010,215000
"RL","StoneBr",7,1987,1987,2006,239000
"RL","NAmes",5,1961,1961,2008,163000
"RL","Timber",5,1986,1986,2008,184000
"RL","Edwards",7,1950,2001,2007,243000
"RL","ClearCr",5,1988,1989,2007,211000
"RL","Sawyer",5,1958,1958,2006,172500
"RL","StoneBr",5,2008,2009,2009,501837
"RM","OldTown",6,1923,2006,2007,100000
"FV","Somerst",5,2000,2000,2007,177000
"RL","Crawfor",6,1920,1950,2006,200100
"RL","Edwards",6,1957,2006,2007,120000
"RM","OldTown",5,2003,2003,2008,200000
"RL","BrkSide",8,1908,1991,2006,127000
"RM","OldTown",9,1892,1993,2006,475000
"RL","Mitchel",5,1990,1991,2009,173000
"RL","OldTown",7,1916,1987,2009,135000
"RL","SawyerW",5,1979,1979,2009,153337
"RL","StoneBr",5,2001,2002,2008,286000
"RL","Crawfor",8,1932,1994,2007,315000
"RL","NAmes",9,1972,2004,2007,184000
"RL","CollgCr",5,1999,1999,2009,192000
"RM","Edwards",5,2004,2004,2006,130000
"RL","CollgCr",7,1972,1972,2008,127000
"RL","NPkVill",6,1976,1976,2009,148500
"RL","Somerst",5,2007,2007,2007,311872
"RL","NAmes",4,1918,1990,2006,235000
"RM","OldTown",6,1912,1950,2009,104000
"RL","NridgHt",5,2004,2005,2009,274900
"RM","Edwards",5,2003,2004,2010,140000
"RL","Mitchel",6,1977,1977,2008,171500
"RL","OldTown",6,1924,1950,2006,112000
"RM","CollgCr",5,2004,2004,2008,149000
"RM","OldTown",7,1947,1950,2009,110000
"RL","Gilbert",5,1990,1990,2009,180500
"RL","Sawyer",5,1962,1962,2007,143900
"RL","NAmes",5,1960,1960,2008,141000
"RL","SawyerW",5,1988,1989,2007,277000
"RL","NAmes",7,1964,1964,2008,145000
"RL","Edwards",6,1925,1950,2008,98000
"RL","Edwards",5,2009,2009,2010,186000
"FV","Somerst",5,2009,2009,2009,252678
"RL","CollgCr",5,1995,1995,2006,156000
"RL","CollgCr",7,1977,1977,2010,161750
"RL","NAmes",6,1957,1996,2006,134450
"RL","CollgCr",5,2004,2004,2008,210000
"RM","OldTown",4,1925,1950,2006,107000
"RL","Crawfor",9,1939,2006,2008,311500
"RL","Blmngtn",5,2005,2006,2006,167240
"RL","CollgCr",5,2006,2006,2006,204900
"RL","Gilbert",5,2002,2002,2009,200000
"RL","NWAmes",6,1975,1975,2006,179900
"RL","NAmes",6,1971,1971,2009,97000
"RL","NridgHt",5,2003,2003,2009,386250
"RM","BrDale",5,1971,1971,2009,112000
"RL","NoRidge",5,1995,1995,2007,290000
"RM","BrDale",6,1970,1970,2008,106000
"RL","Sawyer",5,1967,1967,2010,125000
"RL","Blmngtn",5,2005,2006,2009,192500
"RL","NAmes",6,1959,1959,2010,148000
"RL","NoRidge",5,1995,1996,2009,403000
"RM","BrDale",5,1972,1972,2006,94500
"RL","CollgCr",6,1976,1976,2010,128200
"RL","Gilbert",5,2002,2002,2010,216500
"RM","BrDale",3,1971,1971,2008,89500
"RL","CollgCr",5,2004,2004,2010,185500
"RL","SawyerW",7,1993,2003,2010,194500
"RL","NridgHt",5,2007,2007,2007,318000
"RL","Edwards",4,1945,1950,2010,113000
"FV","Somerst",5,2008,2008,2010,262500
"RM","OldTown",9,1945,1997,2007,110500
"RM","OldTown",4,1900,1950,2006,79000
"RL","SawyerW",6,1980,1980,2009,120000
"RL","SawyerW",5,1994,2002,2010,205000
"RL","NWAmes",5,1988,1988,2006,241500
"RM","OldTown",8,1910,1950,2006,137000
"RL","NAmes",5,1954,1954,2006,140000
"RL","CollgCr",5,2003,2003,2007,180000
"RL","ClearCr",7,1958,2006,2007,277000
"RL","BrkSide",2,1940,1966,2010,76500
"RM","Crawfor",5,2006,2007,2007,235000
"RL","SawyerW",5,2004,2004,2008,173000
"RL","NAmes",7,1964,1991,2007,158000
"RL","NAmes",6,1957,1957,2010,145000
"RL","Gilbert",5,1999,1999,2006,230000
"FV","Somerst",5,2003,2003,2008,207500
"RL","CollgCr",5,2006,2006,2009,220000
"RL","CollgCr",5,2001,2001,2008,231500
"RM","OldTown",5,1956,1956,2008,97000
"RL","NAmes",5,1962,1962,2009,176000
"RL","CollgCr",5,2007,2007,2007,276000
"RL","Sawyer",7,1977,1995,2006,151000
"RM","OldTown",7,1929,2001,2010,130000
"RM","OldTown",5,1925,2004,2008,73000
"RL","NWAmes",6,1981,1981,2008,175500
"RL","Gilbert",5,1997,1997,2006,185000
"RL","SWISU",8,1939,1997,2008,179500
"RM","IDOTRR",6,1940,1955,2008,120500
"RL","Edwards",7,1976,1976,2007,148000
"FV","Somerst",5,2006,2006,2006,266000
"RL","ClearCr",7,1954,2005,2008,241500
"RL","NoRidge",7,1999,2007,2010,290000
"RL","NAmes",6,1958,1988,2009,139000
"RL","Mitchel",7,1982,1982,2007,124500
"RL","BrkSide",7,1925,2007,2009,205000
"RL","Mitchel",5,2003,2003,2010,201000
"RL","Gilbert",5,1951,1951,2010,141000
"RL","NridgHt",5,2006,2007,2007,415298
"RL","ClearCr",5,1977,1977,2008,192000
"RL","SawyerW",6,1989,1989,2007,228500
"FV","Somerst",5,2006,2006,2006,185000
"RL","NridgHt",5,2007,2008,2009,207500
"RL","Somerst",5,2008,2009,2009,244600
"RL","SawyerW",5,1992,1992,2007,179200
"FV","Somerst",5,2006,2007,2007,164700
"RL","NAmes",7,1962,1981,2006,159000
"RL","NAmes",4,1971,1971,2006,88000
"RL","Sawyer",5,1967,1967,2010,122000
"RL","BrkSide",7,1915,2003,2007,153575
"RL","CollgCr",5,2006,2006,2006,233230
"RL","SWISU",6,1912,2000,2008,135900
"RL","Edwards",4,1949,2008,2009,131000
"RL","NWAmes",7,1977,1994,2006,235000
"RL","NAmes",5,1953,1953,2009,167000
"RL","Mitchel",6,1984,1984,2006,142500
"RM","IDOTRR",5,1950,1950,2007,152000
"FV","Somerst",5,1997,1998,2007,239000
"RL","NWAmes",6,1968,1968,2007,175000
"RL","Crawfor",8,1950,2004,2009,158500
"RL","Crawfor",5,1953,1953,2006,157000
"RL","CollgCr",5,1998,1999,2007,267000
"RL","CollgCr",5,2001,2002,2006,205000
"RL","CollgCr",7,1972,1972,2006,149900
"RM","OldTown",9,1880,2002,2008,295000
"RL","CollgCr",5,2004,2005,2007,305900
"RL","SawyerW",5,1990,1991,2007,225000
"RM","IDOTRR",7,1920,1950,2008,89500
"RL","Edwards",5,1940,1950,2009,82500
"RL","NridgHt",5,2003,2004,2006,360000
"RL","Gilbert",5,1993,1994,2006,165600
"RL","NAmes",6,1948,2002,2009,132000
"RM","OldTown",7,1939,1950,2006,119900
"RL","Timber",5,1965,1965,2009,375000
"RM","OldTown",7,1925,1990,2006,178000
"RL","Gilbert",5,2004,2005,2009,188500
"RL","NWAmes",7,1980,1980,2009,260000
"FV","Somerst",5,2006,2006,2007,270000
"RL","NoRidge",5,1993,1993,2009,260000
"RL","NWAmes",5,1980,1980,2009,187500
"RL","NridgHt",5,2006,2006,2006,342643
"RL","NridgHt",5,2004,2004,2007,354000
"RL","SawyerW",5,1986,1987,2007,301000
"RM","OldTown",8,1955,2005,2006,126175
"RL","NAmes",7,1967,2007,2010,242000
"RM","IDOTRR",6,1941,1950,2007,87000
"RL","Veenker",5,1993,1993,2008,324000
"RL","NAmes",5,1960,1960,2006,145250
"RL","BrkSide",6,1916,1994,2009,214500
"RM","IDOTRR",5,1920,1950,2009,78000
"RL","NAmes",4,1964,1964,2007,119000
"RL","NAmes",6,1958,1992,2007,139000
"RL","NridgHt",5,2003,2004,2009,284000
"RM","NridgHt",5,2004,2004,2008,207000
"RL","Gilbert",5,1998,1998,2008,192000
"RL","Timber",6,1965,1965,2008,228950
"RL","StoneBr",5,2005,2006,2007,377426
"RL","CollgCr",5,2002,2003,2008,214000
"RL","NWAmes",7,1984,1998,2006,202500
"RL","NAmes",7,1958,1998,2009,155000
"RL","Timber",5,2002,2002,2010,202900
"RH","SawyerW",4,1950,1950,2009,82000
"RL","NAmes",4,1949,1950,2006,87500
"RL","NridgHt",5,2005,2005,2008,266000
"RM","MeadowV",3,1976,1976,2010,85000
"RL","BrkSide",5,1939,1950,2006,140200
"RL","NAmes",8,1960,1998,2007,151500
"RL","NAmes",5,1960,1960,2009,157500
"RL","NridgHt",5,2003,2004,2008,154000
"RL","NridgHt",5,2005,2006,2006,437154
"RL","NridgHt",5,2007,2007,2007,318061
"RL","ClearCr",5,1986,1986,2006,190000
"RL","Edwards",6,1941,1950,2008,95000
"RM","OldTown",8,1928,2003,2010,105900
"RL","SWISU",5,1940,2000,2006,140000
"RL","CollgCr",5,1995,1995,2007,177500
"RL","Gilbert",6,1992,1992,2009,173000
"RM","MeadowV",5,1976,1976,2007,134000
"RL","ClearCr",4,1958,1958,2006,130000
"RL","NoRidge",5,1998,1998,2006,280000
"RL","Mitchel",6,1978,1978,2007,156000
"RL","BrkSide",5,1940,1982,2008,145000
"RL","Edwards",5,2003,2003,2009,198500
"RM","BrDale",8,1972,2007,2009,118000
"RL","NWAmes",5,1976,1976,2006,190000
"RM","IDOTRR",7,1920,1997,2009,147000
"RL","NAmes",5,1963,1963,2009,159000
"RL","NAmes",5,1962,1962,2008,165000
"RL","NAmes",6,1954,1954,2010,132000
"RL","NAmes",7,1959,2006,2010,162000
"RL","Gilbert",5,2000,2000,2006,172400
"RL","ClearCr",4,1959,1959,2008,134432
"RL","SawyerW",5,1984,1984,2010,125000
"RL","NAmes",6,1953,1953,2009,123000
"RL","CollgCr",5,2003,2004,2007,219500
"RL","Edwards",1,1922,1950,2009,61000
"RL","CollgCr",5,1996,1996,2006,148000
"FV","Somerst",5,2004,2005,2007,340000
"RL","StoneBr",2,2010,2010,2010,394432
"RL","Gilbert",5,2000,2000,2009,179000
"RL","SWISU",6,1924,1950,2010,127000
"FV","Somerst",5,2006,2006,2006,187750
"RL","CollgCr",5,2006,2006,2007,213500
"RH","SawyerW",3,1928,1950,2009,76000
"RL","ClearCr",5,1992,1992,2007,240000
"RL","Blmngtn",5,2004,2005,2010,192000
"RL","Edwards",3,1910,1996,2006,81000
"RL","Edwards",6,1976,1976,2009,125000
"RL","CollgCr",5,1999,2000,2008,191000
"RL","NridgHt",5,2007,2008,2008,426000
"RL","Edwards",8,1900,1950,2008,119000
"RL","Mitchel",5,2001,2002,2009,215000
"RL","NAmes",7,1959,1959,2007,106500
"RL","BrkSide",5,1941,1950,2006,100000
"RL","OldTown",6,1940,1950,2007,109000
"RL","Edwards",6,1956,1956,2010,129000
"RL","CollgCr",5,1972,1972,2009,123000
"RL","NAmes",5,1962,1962,2007,169500
"RM","IDOTRR",2,1920,1950,2007,67000
"FV","Somerst",5,2006,2007,2009,241000
"RL","Veenker",5,1996,1996,2008,245500
"RL","CollgCr",5,2005,2005,2006,164990
"RL","Sawyer",8,1940,1997,2008,108000
"RL","NoRidge",5,1998,1998,2006,258000
"RL","Gilbert",5,1995,1996,2007,168000
"RL","Sawyer",4,1976,1993,2009,150000
"RL","SWISU",5,1936,1950,2008,115000
"RL","Crawfor",7,1915,1976,2008,177000
"RL","NridgHt",5,2006,2006,2007,280000
"FV","Somerst",5,2007,2008,2008,339750
"RL","Edwards",3,1958,1958,2009,60000
"RL","Gilbert",5,1955,1955,2006,145000
"FV","Somerst",5,2009,2009,2010,222000
"RM","OldTown",6,1927,1950,2010,115000
"RL","SawyerW",5,1993,1993,2008,228000
"RL","Gilbert",5,2007,2007,2007,181134
"RL","Sawyer",7,1978,1978,2006,149500
"RL","Crawfor",6,1918,1950,2007,239000
"RL","Edwards",6,1940,1950,2007,126000
"RL","NAmes",6,1968,1968,2010,142000
"RM","Mitchel",5,1997,1998,2008,206300
"RL","NWAmes",7,1977,2000,2009,215000
"RL","Mitchel",5,1954,1954,2008,113000
"RL","NoRidge",5,1998,1998,2008,315000
"RL","NAmes",5,1956,1956,2008,139000
"RM","OldTown",8,1946,1992,2009,135000
"RL","SawyerW",5,1989,1989,2009,275000
"RL","NAmes",6,1957,1957,2008,109008
"RL","CollgCr",5,2007,2007,2007,195400
"RL","Timber",5,1988,1988,2009,175000
"RM","BrDale",5,1971,1971,2008,85400
"RM","OldTown",7,1920,1998,2008,79900
"RM","BrDale",5,1971,1971,2007,122500
"RL","Gilbert",5,1997,1998,2008,181000
"RM","MeadowV",7,1972,1972,2008,81000
"RL","CollgCr",6,1996,1996,2009,212000
"RM","OldTown",8,1920,1950,2006,116000
"RM","BrkSide",7,1926,2004,2009,119000
"RL","Crawfor",6,1913,2002,2007,90350
"RL","Edwards",8,1920,2000,2009,110000
"RL","NridgHt",5,2008,2008,2009,555000
"RL","Edwards",4,1955,1955,2008,118000
"RM","BrkSide",7,1930,1992,2008,162900
"RL","Blmngtn",5,2006,2007,2007,172500
"RL","CollgCr",5,1994,1995,2008,210000
"RL","Edwards",5,1956,1956,2009,127500
"RL","NAmes",6,1966,2002,2010,190000
"RL","Gilbert",5,1998,1999,2006,199900
"RM","IDOTRR",6,1937,1950,2006,119500
"RM","OldTown",7,1948,2002,2007,120000
"RM","OldTown",8,1930,2005,2006,110000
"RL","ClearCr",5,1975,1975,2006,280000
"RL","Timber",5,1996,1997,2007,204000
"FV","Somerst",5,2008,2008,2009,210000
"RL","Mitchel",5,1976,1976,2006,188000
"RL","NWAmes",6,1973,1973,2007,175500
"RM","OldTown",5,1916,1950,2008,98000
"RL","ClearCr",6,1954,1994,2008,256000
"RM","OldTown",7,1925,1996,2008,161000
"RL","BrkSide",4,1950,1950,2009,110000
"FV","Somerst",5,2009,2009,2009,263435
"RL","SWISU",9,1936,2007,2009,155000
"RL","Sawyer",5,1965,1965,2009,62383
"RL","Crawfor",7,1934,1995,2008,188700
"RL","CollgCr",5,1978,1978,2009,124000
"RM","Blmngtn",5,2004,2004,2006,178740
"RL","NAmes",5,1970,1970,2007,167000
"RL","NAmes",7,1942,1995,2007,146500
"RL","NridgHt",5,2006,2006,2007,250000
"RL","SawyerW",5,1993,1993,2008,187000
"RL","StoneBr",5,1985,1985,2010,212000
"RL","NWAmes",6,1977,1977,2007,190000
"RM","Edwards",5,2005,2005,2008,148000
"RL","NridgHt",5,2006,2007,2007,440000
"RL","StoneBr",5,2000,2000,2007,251000
"RL","Sawyer",6,1963,1963,2007,132500
"RL","CollgCr",5,1997,1998,2008,208900
"RL","NridgHt",5,2006,2006,2007,380000
"RL","CollgCr",5,2007,2008,2009,297000
"RM","OldTown",7,1937,2000,2007,89471
"RL","NridgHt",5,2004,2005,2006,326000
"RL","NridgHt",5,2003,2004,2006,374000
"RM","OldTown",8,1915,2005,2009,155000
"RM","Mitchel",5,1998,1998,2006,164000
"RL","Sawyer",7,1962,2001,2007,132500
"RL","NAmes",7,1950,2007,2009,147000
"RL","NAmes",7,1965,1965,2007,156000
"RL","NWAmes",6,1971,1971,2007,175000
"RL","OldTown",4,1900,1970,2006,160000
"RM","MeadowV",8,1970,2002,2009,86000
"RM","MeadowV",6,1976,1976,2008,115000
"RL","NAmes",7,1941,1950,2006,133000
"RL","Gilbert",5,2006,2006,2006,172785
"RL","NAmes",6,1960,1960,2008,155000
"RM","OldTown",8,1938,1996,2009,91300
"C (all)","IDOTRR",5,1920,1950,2009,34900
"RL","NoRidge",5,1992,1993,2007,430000
"RL","BrkSide",6,1925,1950,2008,184000
"RL","Sawyer",7,1967,2004,2009,130000
"RL","NAmes",7,1958,1985,2007,120000
"RM","BrDale",5,1973,1973,2007,113000
"FV","Somerst",5,2005,2005,2008,226700
"RL","Edwards",7,1965,1965,2007,140000
"RL","Crawfor",8,1959,1997,2010,289000
"RL","NPkVill",5,1974,1974,2009,147000
"RM","OldTown",5,1952,1952,2009,124500
"RL","SawyerW",5,1993,1994,2006,215000
"FV","Somerst",5,2009,2009,2009,208300
"RM","OldTown",9,1928,2005,2008,161000
"RL","NAmes",6,1959,1959,2009,124500
"RL","NAmes",7,1951,2000,2009,164900
"RL","NridgHt",5,2005,2006,2006,202665
"RL","NAmes",5,1958,1958,2006,129900
"RL","Mitchel",5,1983,1983,2007,134000
"RL","Crawfor",5,1926,1950,2007,96500
"RL","NridgHt",5,2009,2009,2009,402861
"RL","NWAmes",6,1972,1972,2009,158000
"RL","NoRidge",5,1996,1997,2009,265000
"RL","CollgCr",5,1998,1998,2007,211000
"RL","Crawfor",9,1926,2004,2009,234000
"RL","OldTown",7,1900,2000,2008,106250
"RL","NAmes",6,1957,1957,2007,150000
"RM","BrkSide",7,1947,1950,2006,159000
"RL","Edwards",5,2007,2008,2007,184750
"RL","NoRidge",5,1996,1997,2007,315750
"FV","Somerst",5,2005,2005,2006,176000
"RL","NAmes",7,1956,2000,2007,132000
"RL","NridgHt",5,2008,2008,2008,446261
"RL","Edwards",7,1920,2002,2007,86000
"RL","Crawfor",3,1957,1975,2007,200624
"RL","Timber",5,1988,1989,2008,175000
"RM","BrkSide",8,1920,1999,2008,128000
"RL","NAmes",7,1955,2007,2010,107500
"RL","BrkSide",3,1946,1950,2007,39300
"RL","Gilbert",5,2004,2004,2006,178000
"RL","Edwards",7,1910,1991,2008,107500
"RL","CollgCr",5,1998,1999,2008,188000
"RL","NAmes",5,1972,1972,2008,111250
"RL","Sawyer",5,1968,1968,2006,158000
"RL","CollgCr",5,2001,2002,2010,272000
"RL","Timber",5,2006,2006,2009,315000
"RL","NoRidge",5,2000,2000,2007,248000
"RL","NWAmes",5,1998,1999,2009,213250
"RH","NAmes",5,1998,1998,2007,133000
"RL","Gilbert",5,2006,2006,2006,179665
"RL","NWAmes",5,1988,1988,2006,229000
"RL","BrkSide",7,1923,1950,2007,210000
"RL","Mitchel",7,1970,1970,2007,129500
"RM","OldTown",7,1955,1995,2008,125000
"FV","Somerst",5,2003,2004,2009,263000
"RL","NPkVill",6,1977,1977,2008,140000
"RM","OldTown",6,1957,1957,2008,112500
"RL","NridgHt",5,2006,2006,2009,255500
"RL","Edwards",5,1949,2003,2009,108000
"RL","NridgHt",5,2003,2004,2008,284000
"RM","BrkSide",6,1922,1950,2006,113000
"RL","NAmes",5,1957,1957,2006,141000
"C (all)","IDOTRR",6,1920,1950,2006,108000
"RL","Gilbert",5,1996,1997,2008,175000
"RL","Blmngtn",5,2003,2004,2006,234000
"RL","Sawyer",6,1957,1996,2010,121500
"RL","Mitchel",5,1974,1975,2006,170000
"RL","Edwards",6,1940,1969,2008,108000
"RL","Edwards",7,1918,1950,2008,185000
"RL","NoRidge",5,1992,2000,2006,268000
"RL","SWISU",4,1915,1950,2010,128000
"RL","StoneBr",5,2005,2007,2008,325000
"RL","NridgHt",5,2004,2004,2010,214000
"RL","SawyerW",8,1983,2009,2009,316600
"RL","NAmes",5,1979,1979,2006,135960
"RL","NAmes",5,1965,1965,2008,142600
"RL","NAmes",6,1959,1959,2006,120000
"RL","Timber",5,2009,2009,2009,224500
"RL","Gilbert",5,2000,2000,2007,170000
"RL","NAmes",7,1971,2005,2007,139000
"RL","NAmes",5,1947,1950,2008,118500
"RL","SWISU",7,1928,1950,2009,145000
"RL","Sawyer",6,1966,1966,2006,164500
"FV","Somerst",5,2007,2007,2008,146000
"RM","OldTown",5,1954,1954,2008,131500
"RL","NAmes",6,1960,1987,2007,181900
"RL","NridgHt",5,2008,2009,2009,253293
"RL","Edwards",5,1990,1990,2007,118500
"RM","OldTown",9,1893,2000,2008,325000
"RM","BrkSide",7,1935,1995,2009,133000
"RL","Timber",5,2005,2006,2006,369900
"RL","BrkSide",7,1918,2000,2008,130000
"RL","Sawyer",6,1982,1982,2009,137000
"RL","ClearCr",8,1968,2003,2009,143000
"RM","BrkSide",6,1930,1960,2008,79500
"RL","CollgCr",5,2004,2004,2008,185900
"RL","NridgHt",5,2008,2008,2009,451950
"RL","Mitchel",8,1982,2003,2008,138000
"RM","CollgCr",5,2003,2003,2009,140000
"RL","CollgCr",6,1975,1975,2008,110000
"RL","StoneBr",5,2005,2006,2006,319000
"RM","OldTown",7,1910,1993,2006,114504
"RL","Blmngtn",5,2006,2007,2007,194201
"RL","Crawfor",6,1977,1977,2006,217500
"RM","Blueste",6,1980,1980,2008,151000
"RL","NridgHt",5,2005,2005,2006,275000
"RM","IDOTRR",6,1937,1950,2007,141000
"RL","SawyerW",5,1992,1992,2006,220000
"FV","Somerst",5,2004,2005,2010,151000
"RL","CollgCr",5,2002,2002,2008,221000
"RL","NAmes",6,1965,1990,2009,205000
"RL","CollgCr",5,1996,1996,2009,152000
"RL","Edwards",8,1948,2002,2006,225000
"RL","Crawfor",6,1934,1998,2007,359100
"RL","Sawyer",5,1961,1961,2007,118500
"RL","CollgCr",5,2000,2000,2009,313000
"RL","NWAmes",6,1978,1978,2007,148000
"RL","CollgCr",5,2001,2001,2009,261500
"RL","Mitchel",5,2007,2007,2007,147000
"RM","MeadowV",6,1972,1972,2010,75500
"RL","NAmes",7,1963,1963,2010,137500
"RL","Gilbert",5,2002,2003,2006,183200
"RL","NAmes",6,1954,1954,2008,105500
"RL","NridgHt",5,2007,2007,2007,314813
"RL","Timber",5,2003,2003,2008,305000
"RL","Edwards",3,1914,1950,2008,67000
"RL","NWAmes",7,1974,1997,2008,240000
"RL","Sawyer",6,1977,1977,2009,135000
"FV","Somerst",5,2000,2000,2007,168500
"RL","NWAmes",5,1972,1972,2006,165150
"RL","NAmes",6,1962,1962,2010,160000
"RL","NAmes",5,1960,1978,2007,139900
"RL","NAmes",6,1955,1972,2010,153000
"RL","NAmes",5,1969,1969,2007,135000
"RL","NAmes",5,1964,1964,2008,168500
"RM","OldTown",6,1880,1991,2006,124000
"RL","NridgHt",5,2006,2006,2007,209500
"RL","NWAmes",5,1977,1977,2009,82500
"RL","NAmes",7,1954,2005,2007,139400
"RL","OldTown",5,1980,1980,2010,144000
"RH","SWISU",7,1914,1995,2007,200000
"RM","BrkSide",3,1936,1950,2009,60000
"RM","OldTown",4,1954,1954,2009,93000
"RL","Edwards",7,1910,1950,2008,85000
"RL","Blmngtn",5,2006,2006,2006,264561
"RL","NridgHt",5,2003,2004,2008,274000
"FV","Somerst",5,2001,2001,2007,226000
"RL","NAmes",7,1972,1995,2009,345000
"RL","NWAmes",5,1969,1969,2007,152000
"FV","Somerst",5,2009,2009,2009,370878
"RL","NAmes",5,1971,1971,2007,143250
"RL","NAmes",5,1950,1950,2008,98300
"RL","Edwards",5,1953,1953,2008,155000
"RL","NAmes",5,1966,1966,2010,155000
"RM","MeadowV",6,1970,1970,2007,84500
"FV","Somerst",6,2007,2007,2008,205950
"RL","Edwards",5,1940,1950,2009,108000
"RL","CollgCr",5,1996,1996,2009,191000
"RM","IDOTRR",7,1906,1995,2008,135000
"RL","NoRidge",6,1995,1995,2008,350000
"RM","BrDale",5,1971,1971,2010,88000
"RL","NAmes",7,1959,2006,2008,145500
"RL","Crawfor",6,1931,2000,2008,149000
"RL","NAmes",5,1948,1950,2010,97500
"RL","Edwards",7,1964,1999,2009,167000
"RL","NWAmes",7,1976,1976,2007,197900
"RL","NoRidge",7,1994,2005,2009,402000
"RL","NAmes",3,1968,1968,2009,110000
"RL","Edwards",5,1972,1972,2008,137500
"RL","Somerst",5,2005,2006,2006,423000
"RL","Gilbert",5,2000,2000,2006,230500
"RL","NAmes",5,1965,1979,2007,129000
"RL","SawyerW",5,1994,1998,2008,193500
"RL","Sawyer",6,1956,1987,2006,168000
"RL","Crawfor",5,1922,1950,2006,137500
"RL","CollgCr",5,2005,2005,2009,173500
"RH","Edwards",6,1925,1950,2009,103600
"RL","Veenker",6,1977,1977,2006,165000
"RL","Crawfor",7,1957,2004,2007,257500
"RL","NAmes",6,1965,1965,2008,140000
"RL","NPkVill",6,1978,1978,2009,148500
"RM","OldTown",2,1900,1950,2006,87000
"RL","OldTown",8,1924,2006,2009,109500
"RL","StoneBr",5,2008,2008,2009,372500
"RL","Sawyer",5,1961,1961,2007,128500
"RL","SawyerW",5,1980,1980,2010,143000
"RH","SWISU",5,1932,2000,2009,159434
"RL","ClearCr",5,1996,1997,2008,173000
"RL","CollgCr",5,2002,2002,2007,285000
"RL","NoRidge",5,1998,1998,2010,221000
"RL","StoneBr",5,1984,1984,2007,207500
"FV","Somerst",6,2007,2007,2007,227875
"FV","Somerst",5,2004,2004,2007,148800
"RL","StoneBr",6,2007,2007,2007,392000
"RL","NridgHt",5,2005,2006,2007,194700
"RM","CollgCr",5,2004,2004,2008,141000
"RL","NoRidge",6,1994,1995,2007,755000
"RL","Timber",5,1989,1990,2006,335000
"RL","OldTown",6,1921,1968,2006,108480
"RM","BrkSide",6,1936,1950,2009,141500
"RL","Timber",6,1987,1987,2006,176000
"RM","BrkSide",7,1921,1950,2006,89000
"RL","Edwards",7,1952,1952,2006,123500
"RL","Sawyer",8,1965,2009,2010,138500
"FV","Somerst",5,2004,2004,2008,196000
"RL","Timber",5,2002,2002,2006,312500
"RL","NWAmes",5,1969,1969,2006,140000
"RL","StoneBr",5,2006,2006,2006,361919
"RM","OldTown",9,1900,1996,2010,140000
"RL","CollgCr",5,2004,2005,2010,213000
"RM","IDOTRR",5,1930,1950,2010,55000
"RL","ClearCr",5,1971,2002,2007,302000
"RL","NridgHt",5,2006,2006,2009,254000
"RL","Gilbert",5,2007,2007,2007,179540
"RL","Sawyer",7,1966,1966,2008,109900
"RL","BrkSide",6,1935,2003,2008,52000
"C (all)","IDOTRR",7,1900,1950,2010,102776
"RL","StoneBr",5,1988,1989,2008,189000
"RL","BrkSide",5,1970,1970,2006,129000
"RL","Sawyer",8,1976,2005,2010,130500
"RL","NWAmes",5,1974,1974,2009,165000
"RM","OldTown",8,1890,1998,2007,159500
"RL","NWAmes",6,1973,2000,2008,157000
"RL","NoRidge",5,1993,1994,2008,341000
"RL","CollgCr",6,1969,1969,2006,128500
"RL","StoneBr",5,1985,1985,2006,275000
"RM","CollgCr",5,2004,2004,2010,143000
"RL","NAmes",7,1970,1970,2009,124500
"RL","Edwards",6,1954,1972,2008,135000
"RL","Edwards",5,2007,2008,2009,320000
"RL","NAmes",6,1970,1970,2009,120500
"RL","Crawfor",9,1988,2007,2009,222000
"RL","CollgCr",5,2007,2007,2009,194500
"RL","NAmes",5,1958,1958,2009,110000
"RM","IDOTRR",5,1925,1950,2009,103000
"RL","StoneBr",5,1995,1996,2010,236500
"RL","Timber",5,2003,2003,2007,187500
"RL","CollgCr",5,1998,1999,2008,222500
"RL","Sawyer",6,1961,1983,2009,131400
"RL","Sawyer",5,1968,1968,2007,108000
"RM","OldTown",7,1914,1970,2006,163000
"RL","NAmes",4,1950,1950,2006,93500
"RL","Gilbert",5,2005,2005,2006,239900
"RL","Edwards",5,1987,1988,2009,179000
"RL","CollgCr",5,2004,2004,2009,190000
"RM","OldTown",7,1910,2002,2007,132000
"RL","Sawyer",8,1961,1996,2008,142000
"RL","SawyerW",5,2000,2001,2007,179000
"RL","Sawyer",6,1963,1999,2009,175000
"RL","StoneBr",5,1993,1993,2008,180000
"RL","NWAmes",9,1976,1996,2008,299800
"RL","Gilbert",5,2000,2000,2009,236000
"RM","OldTown",7,1880,2003,2009,265979
"RL","NoRidge",5,1996,1996,2010,260400
"RL","Edwards",3,1945,1950,2009,98000
"RM","OldTown",7,1910,2004,2010,96500
"RL","Gilbert",5,2003,2003,2007,162000
"RL","CollgCr",5,1997,1997,2006,217000
"RL","NridgHt",5,2005,2005,2006,275500
"RL","NAmes",8,1969,2005,2009,156000
"FV","Somerst",5,1999,1999,2009,172500
"RL","CollgCr",5,2007,2007,2009,212000
"RL","Sawyer",5,1978,1978,2010,158900
"FV","Somerst",5,1999,1999,2008,179400
"RL","NoRidge",5,1995,1995,2007,290000
"RL","NAmes",6,1959,1959,2009,127500
"RM","BrkSide",5,1924,1950,2009,100000
"FV","Somerst",5,2009,2009,2010,215200
"RL","NoRidge",5,1999,1999,2009,337000
"RL","Veenker",5,1995,1996,2006,270000
"RL","Somerst",5,2008,2008,2008,264132
"RL","NWAmes",5,1988,1988,2010,196500
"RL","Mitchel",7,1940,1985,2008,160000
"RL","CollgCr",5,2004,2005,2006,216837
"RL","StoneBr",5,2003,2003,2010,538000
"RL","Sawyer",5,1982,1982,2009,134900
"RL","Edwards",5,1951,1951,2006,102000
"RL","Edwards",5,1976,1976,2010,107000
"RL","NAmes",5,1958,1958,2007,114500
"RL","NridgHt",5,2006,2006,2007,395000
"RM","Mitchel",5,1998,1998,2009,162000
"RL","CollgCr",5,2005,2006,2006,221500
"RL","Sawyer",5,1974,1974,2006,142500
"RH","SawyerW",5,1977,1977,2007,144000
"RL","Mitchel",5,1977,1977,2006,135000
"RL","Gilbert",5,1995,1996,2007,176000
"RL","SawyerW",5,1992,1992,2006,175900
"RL","CollgCr",5,2001,2002,2009,187100
"RL","Mitchel",6,1978,1978,2009,165500
"RM","OldTown",6,1914,2001,2008,128000
"RL","NWAmes",5,1967,1967,2009,161500
"RM","OldTown",6,1915,1950,2010,139000
"RL","SawyerW",5,2004,2004,2010,233000
"RM","OldTown",7,1954,2000,2008,107900
"RL","ClearCr",8,1966,2007,2007,187500
"RL","Blmngtn",5,2005,2006,2009,160200
"RL","Mitchel",5,1976,1976,2007,146800
"RL","NoRidge",5,1996,1997,2007,269790
"RL","Somerst",5,2007,2007,2007,225000
"RL","Gilbert",5,1994,1996,2008,194500
"RL","SawyerW",6,1980,1981,2010,171000
"RL","Sawyer",5,1977,1977,2007,143500
"RL","NAmes",5,1953,1953,2008,110000
"RL","NridgHt",5,2008,2009,2009,485000
"RL","SWISU",7,1937,1950,2007,175000
"RL","ClearCr",5,1997,1997,2008,200000
"RM","IDOTRR",7,1916,1990,2007,109900
"RL","CollgCr",5,2005,2005,2008,189000
"RL","NridgHt",5,2008,2009,2009,582933
"RL","NAmes",5,1954,1954,2006,118000
"RL","Somerst",5,2008,2008,2008,227680
"RL","NAmes",5,1967,1967,2006,135500
"RL","BrkSide",6,1923,2004,2009,223500
"RL","NAmes",5,1966,1966,2006,159950
"RM","OldTown",5,1898,1965,2009,106000
"RL","NWAmes",6,1974,1999,2006,181000
"RM","CollgCr",5,2004,2004,2008,144500
"C (all)","IDOTRR",5,1952,1952,2010,55993
"RL","NAmes",6,1958,1958,2007,157900
"RL","Edwards",7,1918,1950,2006,116000
"RL","CollgCr",5,1998,1998,2010,224900
"RL","NAmes",6,1954,1954,2006,137000
"RL","Mitchel",5,2002,2002,2008,271000
"RL","ClearCr",7,1971,1971,2010,155000
"RL","NridgHt",5,2009,2010,2010,224000
"RL","CollgCr",5,2003,2003,2008,183000
"RM","OldTown",4,1953,1953,2009,93000
"RL","Gilbert",5,2003,2003,2007,225000
"RL","SWISU",7,1940,1950,2009,139500
"FV","Somerst",5,2006,2006,2006,232600
"RL","NridgHt",5,2007,2008,2008,385000
"RM","BrkSide",6,1924,1950,2008,109500
"RL","SawyerW",5,2001,2001,2009,189000
"RL","ClearCr",5,1967,1967,2009,185000
"FV","Somerst",5,2005,2005,2006,147400
"RL","NAmes",5,1957,1957,2008,166000
"FV","Somerst",5,2005,2005,2006,151000
"RL","CollgCr",6,2003,2003,2010,237000
"RL","NAmes",6,1964,1964,2009,167000
"RL","NAmes",6,1961,1961,2008,139950
"RL","Sawyer",7,1950,1995,2010,128000
"RM","OldTown",6,1948,1973,2007,153500
"RM","BrDale",5,1973,1973,2008,100000
"RL","CollgCr",6,1995,2006,2008,144000
"RL","Edwards",6,1946,1995,2008,130500
"RH","SWISU",8,1925,1950,2008,140000
"RM","OldTown",8,1904,2002,2008,157500
"RL","NAmes",7,1966,1966,2008,174900
"RL","NAmes",4,1961,1961,2007,141000
"RM","OldTown",8,1915,1950,2008,153900
"RL","Sawyer",5,1975,1981,2007,171000
"RL","SawyerW",5,1993,1993,2009,213000
"RL","CollgCr",6,1972,1972,2009,133500
"RL","ClearCr",8,1908,1997,2008,240000
"RL","Veenker",7,1976,1994,2007,187000
"RM","CollgCr",5,2003,2003,2007,131500
"RL","Blmngtn",5,2003,2003,2006,215000
"RL","Crawfor",5,1941,1950,2007,164000
"RL","NAmes",6,1964,1964,2009,158000
"RL","Sawyer",4,1955,1974,2006,170000
"RL","Sawyer",8,1962,2010,2010,127000
"RL","CollgCr",6,1978,1978,2008,147000
"RL","Gilbert",5,1994,1995,2009,174000
"RL","NWAmes",5,1976,1976,2009,152000
"RL","NWAmes",7,1968,1984,2006,250000
"RL","Crawfor",8,1918,1998,2007,189950
"RL","Sawyer",4,1965,1965,2010,131500
"RL","SawyerW",5,1984,1985,2010,152000
"RL","NAmes",5,1959,1959,2009,132500
"FV","Somerst",5,2007,2008,2008,250580
"RL","NAmes",6,1970,1970,2009,148500
"RL","Timber",5,2006,2007,2007,248900
"RL","Sawyer",5,1961,1961,2007,129000
"RL","Gilbert",6,1948,1950,2006,169000
"RL","SawyerW",5,1993,1994,2010,236000
"RL","NAmes",5,1962,1962,2009,109500
"RL","CollgCr",5,1998,1998,2010,200500
"RL","NAmes",7,1953,1996,2008,116000
"RL","NAmes",7,1949,1950,2009,133000
"RM","OldTown",6,1941,1950,2009,66500
"FV","Somerst",5,2007,2007,2007,303477
"RL","Mitchel",5,1963,1963,2007,132250
"RL","NridgHt",5,2004,2005,2009,350000
"RL","Sawyer",7,1961,1995,2010,148000
"RL","CollgCr",8,1978,2005,2009,136500
"RL","Edwards",5,2005,2006,2007,157000
"RL","Timber",5,1990,1991,2007,187500
"RL","Gilbert",5,1992,1993,2009,178000
"RL","SWISU",5,1912,1950,2006,118500
"RL","NAmes",5,1967,1967,2009,100000
"FV","Somerst",5,1999,2000,2008,328900
"RL","NAmes",5,1959,2005,2006,145000
"RL","Edwards",7,1955,1955,2008,135500
"RL","NAmes",6,1970,1970,2007,268000
"RL","NAmes",4,1953,1953,2009,149500
"RL","NAmes",7,1949,2006,2007,122900
"RL","Sawyer",5,1978,1978,2009,172500
"RL","Sawyer",8,1963,2003,2006,154500
"RL","Sawyer",5,1954,1954,2008,165000
"RL","SawyerW",5,1979,1979,2009,118858
"RL","NAmes",5,1963,1963,2008,140000
"RM","IDOTRR",6,1936,1950,2006,106500
"RL","SawyerW",5,1979,1979,2009,142953
"RL","NridgHt",5,2009,2010,2010,611657
"RL","Sawyer",7,1961,1994,2006,135000
"RL","NAmes",6,1971,1971,2007,110000
"RL","NAmes",7,1957,2000,2009,153000
"RL","Gilbert",5,2003,2003,2006,180000
"RL","Gilbert",5,2006,2006,2006,240000
"RL","Sawyer",6,1967,1967,2007,125500
"RL","NAmes",5,1954,1954,2010,128000
"RL","Somerst",5,2006,2006,2007,255000
"RL","Crawfor",7,1936,1987,2006,250000
"RL","Mitchel",5,1983,1983,2006,131000
"RL","Gilbert",5,2005,2005,2009,174000
"RL","NAmes",5,1960,1960,2010,154300
"RL","CollgCr",7,1977,1989,2009,143500
"RM","BrkSide",7,1925,1950,2006,88000
"RH","Crawfor",6,1949,1950,2007,145000
"FV","Somerst",5,2009,2009,2009,173733
"RM","MeadowV",5,1970,1970,2007,75000
"C (all)","IDOTRR",3,1949,1950,2006,35311
"RL","Edwards",6,1956,1956,2009,135000
"RL","SawyerW",5,1991,1991,2007,238000
"RL","NAmes",8,1958,2002,2008,176500
"RL","SawyerW",5,1994,1994,2007,201000
"RL","Edwards",7,1900,2003,2008,145900
"RL","Gilbert",5,2005,2006,2006,169990
"RL","SawyerW",5,1993,1994,2008,193000
"RL","NWAmes",6,1980,1980,2006,207500
"RL","NWAmes",6,1977,1977,2008,175000
"RL","NridgHt",5,2003,2004,2007,285000
"RL","NWAmes",5,1968,1968,2008,176000
"RL","CollgCr",5,2001,2001,2009,236500
"RL","Gilbert",5,1997,1997,2006,222000
"RL","Timber",5,2007,2007,2009,201000
"RL","NAmes",6,1965,1965,2009,117500
"RL","Somerst",5,2006,2006,2007,320000
"RL","CollgCr",5,2004,2004,2009,190000
"RL","NAmes",7,1960,2007,2008,242000
"RL","BrkSide",5,1926,1953,2006,79900
"RL","SawyerW",5,2003,2003,2009,184900
"RL","Somerst",5,2005,2005,2009,253000
"RL","CollgCr",5,2006,2006,2006,239799
"RL","ClearCr",7,1940,1950,2010,244400
"RL","Mitchel",5,1976,1976,2006,150900
"RL","Gilbert",5,1999,1999,2009,214000
"RL","Edwards",3,1977,1977,2007,150000
"RL","Mitchel",4,1967,1967,2007,143000
"RL","Timber",6,1958,1958,2009,137500
"RM","OldTown",6,1890,1996,2009,124900
"RL","NAmes",6,1959,1959,2006,143000
"RL","Timber",5,2002,2003,2007,270000
"RL","CollgCr",5,2002,2002,2006,192500
"RL","NWAmes",7,1972,2006,2010,197500
"RL","NAmes",8,1950,2002,2007,129000
"RH","SawyerW",5,1965,1965,2006,119900
"RL","CollgCr",8,1972,2003,2009,133900
"RL","Mitchel",4,1969,1969,2008,172000
"RL","Edwards",5,1975,1975,2006,127500
"RH","Crawfor",6,1946,1950,2007,145000
"RM","Blueste",6,1980,1980,2009,124000
"RL","Sawyer",5,1962,1962,2007,132000
"RL","CollgCr",5,2003,2003,2007,185000
"FV","Somerst",5,1999,1999,2010,155000
"RL","BrkSide",7,1958,2008,2010,116500
"RL","NWAmes",7,1977,1995,2008,272000
"RL","NPkVill",6,1976,1976,2007,155000
"RL","CollgCr",5,2007,2007,2009,239000
"RL","Timber",5,2002,2003,2010,214900
"RL","Gilbert",5,2005,2007,2007,178900
"RL","Crawfor",7,1940,1950,2009,160000
"RL","NAmes",7,1955,1955,2008,135000
"RM","OldTown",6,1910,1950,2009,37900
"RL","NAmes",5,1958,1958,2006,140000
"RL","NAmes",4,1949,1950,2006,135000
"RL","NridgHt",5,2003,2004,2009,173000
"RL","SawyerW",5,1979,1979,2010,99500
"FV","Somerst",5,2007,2008,2008,182000
"RL","BrkSide",8,1910,1993,2009,167500
"FV","Somerst",5,2000,2000,2006,165000
"RL","BrkSide",7,1923,1958,2006,85500
"FV","Somerst",5,2006,2007,2007,199900
"RL","Edwards",5,1954,1954,2007,110000
"RL","Sawyer",6,1963,1963,2009,139000
"RL","NAmes",9,1961,2007,2008,178400
"RL","NoRidge",5,1998,1999,2009,336000
"RL","Blmngtn",5,2007,2007,2008,159895
"RL","CollgCr",5,2002,2002,2008,255900
"RL","Mitchel",5,1977,1977,2009,126000
"RL","Edwards",5,1950,1950,2008,125000
"RM","OldTown",8,1910,2003,2006,117000
"RL","NridgHt",5,2009,2010,2010,395192
"RL","NWAmes",6,1976,1976,2007,195000
"FV","Somerst",5,2006,2006,2006,197000
"RL","NoRidge",5,1997,1998,2006,348000
"RM","OldTown",9,1882,1986,2009,168000
"RL","NAmes",8,1964,1993,2007,187000
"RL","CollgCr",5,2005,2006,2006,173900
"RL","NridgHt",5,2006,2007,2009,337500
"RL","BrkSide",7,1946,1950,2006,121600
"RL","NAmes",6,1961,1961,2006,136500
"RL","NWAmes",6,1970,1970,2009,185000
"RM","IDOTRR",4,1922,1950,2006,91000
"RL","CollgCr",5,2006,2006,2010,206000
"RL","Edwards",3,1952,1952,2009,82000
"RL","OldTown",6,1920,1950,2007,86000
"RL","Somerst",5,2006,2006,2008,232000
"RL","NWAmes",6,1976,1976,2007,136905
"RL","Blmngtn",5,2005,2006,2009,181000
"RL","CollgCr",8,1977,1977,2008,149900
"RL","NAmes",3,1970,1970,2007,163500
"RM","MeadowV",4,1970,1970,2009,88000
"RL","Mitchel",5,2004,2005,2009,240000
"RL","SWISU",5,1926,1950,2006,102000
"RL","Sawyer",5,1948,1950,2008,135000
"RL","Edwards",5,1965,1965,2010,100000
"RL","Crawfor",7,1923,1996,2007,165000
"RM","OldTown",4,1910,2006,2009,85000
"RL","NAmes",5,1948,1950,2007,119200
"RL","NWAmes",6,2001,2001,2009,227000
"RL","CollgCr",5,1996,1996,2009,203000
"RL","StoneBr",5,1984,1984,2009,187500
"RL","Gilbert",5,1991,1992,2007,160000
"RL","Blmngtn",5,2005,2005,2006,213490
"RL","Edwards",5,2005,2005,2008,176000
"RL","CollgCr",5,2006,2006,2006,194000
"RM","OldTown",5,1930,1950,2007,87000
"RL","Blmngtn",5,2005,2006,2008,191000
"RL","Timber",6,1976,1976,2008,287000
"RL","CollgCr",5,1972,1972,2007,112500
"RL","NAmes",5,1960,1960,2010,167500
"RL","Timber",5,2007,2008,2008,293077
"RL","NAmes",5,1941,1950,2007,105000
"RM","BrDale",7,1972,1972,2006,118000
"RH","SWISU",8,1916,1995,2006,160000
"RL","SWISU",3,1920,1970,2009,197000
"RL","NoRidge",7,1993,1993,2006,310000
"RL","CollgCr",5,2002,2002,2006,230000
"RL","Crawfor",7,1938,1950,2007,119750
"RL","Edwards",3,1957,1957,2009,84000
"RL","Timber",5,2007,2008,2009,315500
"RL","CollgCr",5,2001,2002,2008,287000
"RM","MeadowV",6,1970,2008,2009,97000
"RM","MeadowV",4,1970,1970,2009,80000
"RL","Sawyer",4,1957,2000,2006,155000
"RL","NWAmes",8,1966,2000,2008,173000
"RL","NridgHt",5,2005,2005,2009,196000
"RL","SawyerW",5,1990,1990,2008,262280
"RL","NWAmes",5,1981,1981,2009,278000
"RL","Edwards",5,1955,1955,2009,139600
"RL","StoneBr",5,2005,2006,2006,556581
"RL","CollgCr",5,1994,1995,2008,145000
"RL","Mitchel",4,1960,2006,2009,115000
"RL","Edwards",7,1946,2006,2010,84900
"RL","Gilbert",5,2007,2007,2007,176485
"RL","CollgCr",5,2007,2007,2007,200141
"RL","NAmes",6,1964,1978,2007,165000
"RL","Edwards",6,1957,2002,2010,144500
"RL","CollgCr",5,2002,2002,2006,255000
"RL","NWAmes",5,1976,1976,2008,180000
"RL","NridgHt",5,2005,2005,2006,185850
"RL","NoRidge",6,1994,1994,2009,248000
"RL","NridgHt",5,2008,2008,2009,335000
"RL","Crawfor",7,1932,1950,2007,220000
"RL","StoneBr",5,2001,2001,2010,213500
"C (all)","IDOTRR",4,1935,1950,2008,81000
"RM","OldTown",5,1900,1950,2007,90000
"RM","OldTown",6,1925,1980,2006,110500
"RL","NAmes",6,1966,1966,2009,154000
"RL","ClearCr",5,1996,1997,2010,328000
"RL","Gilbert",7,1993,1994,2009,178000
"RL","NAmes",6,1964,1964,2008,167900
"RM","MeadowV",4,1973,1973,2006,151400
"RL","NAmes",7,1949,2003,2007,135000
"RL","NAmes",5,1956,1956,2007,135000
"RL","NWAmes",6,1968,1968,2009,154000
"RL","Edwards",3,1948,1950,2006,91500
"RL","Edwards",6,1977,1977,2009,159500
"RL","CollgCr",5,2006,2006,2007,194000
"RL","Crawfor",6,1940,1984,2007,219500
"RL","OldTown",8,1936,1989,2006,170000
"RL","NAmes",5,1969,1969,2006,138800
"RM","CollgCr",5,2004,2004,2006,155900
"RL","CollgCr",5,1994,1994,2007,126000
"RL","NWAmes",7,1971,2004,2008,145000
"RL","Sawyer",5,1963,1963,2010,133000
"RL","CollgCr",5,2002,2002,2007,192000
"RL","NAmes",6,1964,1964,2006,160000
"RL","Gilbert",5,1995,1996,2006,187500
"RL","SawyerW",6,1992,1992,2010,147000
"RM","MeadowV",5,1973,1973,2010,83500
"FV","Somerst",5,2005,2006,2009,252000
"RM","Edwards",5,2004,2004,2006,137500
"FV","Somerst",5,2005,2005,2006,197000
"RL","NAmes",4,1950,1950,2009,92900
"FV","Somerst",5,1999,2000,2008,160000
"RL","SWISU",5,1925,1950,2008,136500
"RL","NAmes",8,1965,1998,2006,146000
"RL","NAmes",7,1956,2000,2010,129000
"RL","CollgCr",5,2006,2006,2007,176432
"RM","IDOTRR",7,1914,2006,2007,127000
"RL","StoneBr",5,1986,1986,2007,170000
"RM","BrkSide",6,1936,1950,2009,128000
"RL","NWAmes",5,1978,1978,2009,157000
"RL","SWISU",5,1920,1950,2009,60000
"RL","NAmes",5,1971,1971,2007,119500
"RL","NAmes",7,1960,2002,2007,135000
"RL","NAmes",6,1959,1959,2006,159500
"RM","BrDale",5,1970,1970,2007,106000
"RL","NoRidge",5,1994,1995,2010,325000
"RL","SawyerW",5,1990,1991,2007,179900
"RL","Gilbert",5,2006,2006,2006,274725
"RL","Gilbert",5,2000,2000,2007,181000
"RL","NridgHt",5,2004,2005,2009,280000
"RL","Gilbert",5,1995,1996,2008,188000
"RL","NWAmes",6,1976,1976,2008,205000
"RL","NAmes",7,1957,1957,2006,129900
"RL","NAmes",7,1953,2006,2007,134500
"RL","OldTown",7,1954,2000,2006,117000
"RL","NridgHt",5,2007,2007,2007,318000
"RL","Gilbert",5,2002,2002,2009,184100
"RL","Sawyer",7,1967,2003,2008,130000
"RL","Sawyer",6,1958,1987,2008,140000
"RL","NAmes",5,1959,1959,2006,133700
"RM","IDOTRR",5,1920,1950,2007,118400
"RL","CollgCr",5,2005,2006,2006,212900
"RL","Edwards",3,1956,1956,2009,112000
"RL","Edwards",9,1947,2008,2009,118000
"RL","Gilbert",5,1992,1992,2007,163900
"RL","NAmes",5,1955,1955,2009,115000
"RL","Blmngtn",5,2007,2007,2009,174000
"RL","Gilbert",5,2004,2004,2007,259000
"RL","Gilbert",5,2004,2005,2007,215000
"RM","OldTown",5,1980,1980,2007,140000
"RL","SWISU",3,1928,1950,2009,135000
"RL","Mitchel",5,1991,1992,2007,93500
"RM","OldTown",4,1880,1950,2007,117500
"RL","SawyerW",5,1995,1995,2009,239500
"RL","Gilbert",5,1997,1997,2007,169000
"RM","BrkSide",5,1926,1950,2007,102000
"RL","NAmes",5,1950,1950,2008,119000
"RL","Sawyer",8,1875,1996,2010,94000
"RL","Mitchel",5,1977,1977,2009,196000
"RL","BrkSide",5,1920,1950,2007,144000
"RL","NAmes",7,1951,1951,2008,139000
"RL","NWAmes",7,1976,1976,2009,197500
"RL","CollgCr",5,2006,2007,2007,424870
"RL","Sawyer",3,1959,1959,2008,80000
"RL","Edwards",4,1941,1950,2010,80000
"RM","BrkSide",6,1928,1950,2006,149000
"RL","SawyerW",5,1985,1985,2006,180000
"RL","Crawfor",7,1941,1950,2009,174500
"RM","OldTown",7,1926,1950,2008,116900
"RM","OldTown",9,1920,1988,2009,143000
"RL","NAmes",5,1950,1950,2007,124000
"RL","Edwards",4,1959,1959,2006,149900
"RL","Crawfor",7,1956,2004,2006,230000
"RM","IDOTRR",8,1930,2007,2008,120500
"RL","NAmes",6,1965,1988,2008,201800
"RL","Veenker",8,1976,2004,2007,218000
"RL","NAmes",8,1965,1999,2008,179900
"RL","NridgHt",5,2007,2008,2009,230000
"RL","Somerst",5,2007,2008,2008,235128
"RL","NWAmes",6,1974,1974,2008,185000
"RL","NPkVill",5,1978,1978,2010,146000
"RL","Crawfor",7,1954,2006,2008,224000
"RL","Sawyer",5,1968,1968,2007,129000
"RL","Sawyer",4,1969,1969,2008,108959
"RL","Veenker",7,1978,1978,2007,194000
"RL","NridgHt",5,2009,2009,2009,233170
"RL","CollgCr",5,2008,2008,2010,245350
"RL","Gilbert",5,2000,2000,2006,173000
"RL","Edwards",7,1935,1986,2008,235000
"RL","NoRidge",5,1995,1996,2006,625000
"RL","Mitchel",6,1977,1977,2008,171000
"RL","NAmes",6,1958,1958,2008,163000
"FV","Somerst",5,2006,2007,2008,171900
"RL","ClearCr",6,1946,1994,2007,200500
"RL","Crawfor",8,1932,1950,2006,239000
"RL","NoRidge",5,1992,2000,2007,285000
"RL","Mitchel",5,1984,1985,2008,119500
"RM","OldTown",8,1926,2004,2009,115000
"RL","Crawfor",6,1921,1950,2009,154900
"RL","Edwards",5,1954,1954,2006,93000
"RL","Timber",5,1990,1991,2006,250000
"RM","Crawfor",5,2008,2008,2008,392500
"RL","NoRidge",5,1996,1996,2007,745000
"RL","OldTown",6,1920,1950,2006,120000
"RL","Timber",4,1963,1963,2007,186700
"RL","Edwards",7,1924,1950,2006,104900
"RL","OldTown",5,1900,1970,2009,95000
"RL","NoRidge",5,1994,1995,2006,262000
"RL","CollgCr",5,2002,2002,2009,195000
"RL","Gilbert",5,1999,1999,2010,189000
"RL","Mitchel",4,1961,1975,2007,168000
"FV","Somerst",5,1999,2000,2007,174000
"RM","OldTown",8,1925,1994,2007,125000
"RM","Mitchel",5,1999,1999,2009,165000
"RL","Sawyer",7,1969,1969,2010,158000
"RL","Gilbert",5,2005,2005,2008,176000
"RL","Gilbert",5,2006,2006,2006,219210
"RM","OldTown",6,1916,1950,2006,144000
"RL","CollgCr",5,2001,2001,2009,178000
"RL","Sawyer",5,1963,1979,2006,148000
"RL","NAmes",5,1970,1970,2006,116050
"RL","CollgCr",5,1998,1998,2009,197900
"RM","BrkSide",8,1925,1997,2009,117000
"RL","CollgCr",5,2000,2001,2009,213000
"RL","NWAmes",6,1975,1975,2006,153500
"RL","SawyerW",7,1990,1991,2009,271900
"RH","SawyerW",4,1966,1966,2006,107000
"RL","CollgCr",5,2003,2003,2006,200000
"RL","NAmes",7,1962,1980,2008,140000
"RL","Somerst",5,2006,2006,2006,290000
"RL","SawyerW",5,1992,1992,2010,189000
"RL","Gilbert",7,1988,2005,2010,164000
"RL","Edwards",6,1941,1950,2009,113000
"RL","Sawyer",9,1965,2001,2006,145000
"RL","NAmes",5,1962,1962,2006,134500
"RL","Sawyer",5,1966,1966,2007,125000
"RM","Sawyer",5,1978,1978,2010,112000
"FV","Somerst",5,2009,2009,2009,229456
"RM","BrkSide",5,1947,1950,2006,80500
"RM","BrDale",5,1971,1971,2006,91500
"RL","NAmes",5,1964,1964,2006,115000
"RL","Sawyer",5,1968,1968,2008,134000
"RL","NAmes",6,1949,1950,2007,143000
"RL","NAmes",3,1951,1951,2006,137900
"RL","Gilbert",5,2004,2005,2008,184000
"RL","NAmes",8,1958,1958,2007,145000
"RL","Somerst",5,2007,2007,2008,214000
"RL","NAmes",8,1965,2008,2008,147000
"RL","NridgHt",5,2008,2008,2008,367294
"RL","NAmes",5,1960,1960,2008,127000
"RL","Sawyer",5,1977,1977,2007,190000
"RL","NAmes",6,1962,1962,2006,132500
"RL","NAmes",5,1962,1962,2007,101800
"RL","NAmes",5,1959,1959,2010,142000
"RH","SWISU",6,1911,1950,2008,130000
"RL","Crawfor",5,1914,1950,2006,138887
"RL","NridgHt",5,2003,2003,2010,175500
"RL","CollgCr",5,2004,2005,2006,195000
"RL","SawyerW",5,2005,2005,2006,142500
"RL","Timber",5,2006,2006,2007,265900
"RL","CollgCr",5,2003,2003,2008,224900
"RL","Somerst",6,2007,2007,2007,248328
"RL","NWAmes",6,1974,1974,2010,170000
"RL","NridgHt",5,2006,2006,2006,465000
"RL","Crawfor",7,1929,1950,2006,230000
"RL","NWAmes",7,1984,2003,2007,178000
"FV","Somerst",5,2005,2006,2006,186500
"RL","Mitchel",5,1976,1976,2010,169900
"RM","OldTown",5,1917,1950,2008,129500
"RL","NAmes",7,1950,1950,2007,119000
"RL","NAmes",5,1968,1968,2010,244000
"RL","NridgHt",5,2003,2003,2006,171750
"RL","Mitchel",6,1968,1968,2009,130000
"RL","Veenker",7,1974,2003,2007,294000
"RL","Edwards",5,2003,2004,2008,165400
"RM","BrkSide",6,1931,1950,2007,127500
"RL","NoRidge",5,1994,1994,2008,301500
"RL","Edwards",8,1922,1950,2009,99900
"RL","Gilbert",5,2005,2005,2008,190000
"RL","NAmes",8,1969,1969,2008,151000
"RL","Gilbert",5,1999,1999,2009,181000
"RL","NAmes",6,1956,1956,2009,128900
"RL","ClearCr",5,1957,1989,2009,161500
"RL","BrkSide",6,1919,1950,2007,180500
"RH","NAmes",5,1998,1999,2008,181000
"FV","Somerst",5,1999,1999,2006,183900
"RM","OldTown",4,1910,1950,2007,122000
"RL","Timber",5,2008,2009,2010,378500
"RL","Crawfor",9,1935,1997,2008,381000
"RL","NAmes",5,1958,1958,2007,144000
"RL","ClearCr",6,1979,1979,2010,260000
"RL","NWAmes",7,1968,1968,2009,185750
"RL","Sawyer",6,1965,1965,2006,137000
"RL","Edwards",7,1959,2006,2008,177000
"RL","Crawfor",6,1910,2003,2007,139000
"RL","NAmes",5,1948,1950,2007,137000
"RL","NWAmes",6,1972,1972,2009,162000
"RL","NWAmes",5,1967,1976,2009,197900
"RL","CollgCr",5,2002,2002,2008,237000
"C (all)","IDOTRR",4,1920,1950,2010,68400
"RL","CollgCr",5,2002,2002,2009,227000
"RL","Timber",5,1990,1990,2006,180000
"RL","CollgCr",7,1977,2008,2009,150500
"RL","Mitchel",5,1971,1971,2010,139000
"RL","SWISU",7,1919,1990,2010,169000
"RM","BrkSide",6,1939,1950,2009,132500
"RL","NWAmes",5,1963,1963,2010,143000
"RL","ClearCr",5,1964,1964,2006,190000
"RL","StoneBr",5,2000,2000,2009,278000
"RL","NridgHt",5,2006,2006,2006,281000
"RL","NAmes",7,1964,1964,2010,180500
"RM","BrDale",7,1972,1972,2009,119500
"RM","OldTown",4,1892,1965,2009,107500
"RL","NWAmes",5,1976,1976,2006,162900
"RL","Edwards",7,1955,1990,2006,115000
"RL","NAmes",5,1968,1968,2006,138500
"RL","NAmes",6,1963,1963,2008,155000
"RM","Edwards",5,2005,2006,2006,140000
"RL","Edwards",5,2008,2008,2008,160000
"RL","NAmes",7,1959,1994,2010,154000
"RL","Gilbert",5,1999,1999,2009,225000
"RL","Crawfor",7,1942,1950,2009,177500
"RL","NoRidge",5,1994,1994,2006,290000
"RL","Somerst",5,2005,2005,2006,232000
"RM","Edwards",5,2004,2004,2006,130000
"RL","NridgHt",5,2006,2007,2009,325000
"RL","NridgHt",5,2005,2006,2006,202500
"RL","CollgCr",5,1994,1995,2009,138000
"RM","OldTown",7,1948,2005,2008,147000
"RL","SawyerW",5,1991,1991,2008,179200
"RL","Crawfor",8,1959,2002,2010,335000
"RL","CollgCr",5,2005,2007,2007,203000
"RL","NoRidge",5,1990,1990,2007,302000
"RL","NoRidge",5,1999,1999,2010,333168
"RL","Edwards",6,1954,1954,2007,119000
"RL","NAmes",5,1969,1969,2008,206900
"RL","CollgCr",5,2008,2008,2009,295493
"FV","Somerst",5,2006,2007,2007,208900
"RL","CollgCr",5,2001,2002,2006,275000
"RL","Edwards",5,1954,1954,2007,111000
"RL","NAmes",3,1957,1957,2009,156500
"RL","BrkSide",6,1949,1950,2008,72500
"RL","NoRidge",5,1992,1992,2010,190000
"RL","BrkSide",7,1940,1950,2009,82500
"RL","Somerst",5,2006,2007,2007,147000
"RM","IDOTRR",4,1922,1950,2008,55000
"RH","Edwards",6,1931,2006,2007,79000
"RL","Mitchel",9,1982,2008,2008,130500
"RM","OldTown",7,1920,1950,2008,256000
"RL","Gilbert",5,1998,1998,2006,176500
"RL","Somerst",5,2006,2006,2007,227000
"RL","CollgCr",5,1976,1976,2006,132500
"RL","Edwards",6,1938,1958,2009,100000
"RM","IDOTRR",6,1938,1995,2006,125500
"RM","BrDale",6,1970,1970,2009,125000
"RL","NWAmes",5,1977,1977,2009,167900
"RL","NWAmes",5,1973,1973,2008,135000
"RM","OldTown",4,1941,1950,2006,52500
"RL","CollgCr",5,2002,2002,2006,200000
"RL","CollgCr",7,1972,1972,2006,128500
"RL","NAmes",5,1971,1971,2007,123000
"RL","SawyerW",5,2003,2004,2008,155000
"RL","CollgCr",5,2002,2002,2007,228500
"RL","Crawfor",6,1928,1950,2009,177000
"RL","CollgCr",5,2006,2006,2007,155835
"RM","OldTown",4,1920,1950,2007,108500
"RL","NWAmes",7,1968,2003,2006,262500
"RL","Timber",5,2006,2007,2007,283463
"RL","SawyerW",5,1998,1998,2007,215000
"RM","OldTown",5,1872,1987,2008,122000
"RL","NAmes",5,1969,1969,2009,200000
"RL","NAmes",6,1962,1962,2008,171000
"RM","BrkSide",9,1937,2000,2009,134900
"RL","NoRidge",5,1995,1996,2010,410000
"RL","CollgCr",5,2000,2000,2008,235000
"RL","NWAmes",6,1968,1992,2006,170000
"RL","NAmes",5,1966,1966,2008,110000
"RL","NAmes",6,1971,2008,2010,149900
"FV","Somerst",5,2000,2000,2010,177500
"RL","NridgHt",5,2004,2005,2006,315000
"RL","SWISU",6,1921,1998,2008,189000
"RL","StoneBr",5,2005,2005,2009,260000
"RL","NAmes",4,1920,2007,2009,104900
"RL","Gilbert",5,2006,2007,2007,156932
"FV","Somerst",5,2005,2005,2006,144152
"FV","Somerst",5,2000,2000,2010,216000
"RL","CollgCr",5,1999,1999,2008,193000
"RM","MeadowV",6,1977,1977,2006,127000
"RM","CollgCr",5,2003,2004,2009,144000
"RL","CollgCr",5,2003,2003,2010,232000
"RL","OldTown",6,1920,1950,2009,105000
"RL","NAmes",6,1955,1996,2008,165500
"RL","CollgCr",6,1998,1998,2006,274300
"RL","NoRidge",5,2001,2002,2007,466500
"FV","Somerst",5,2005,2005,2008,250000
"RL","Timber",5,2007,2007,2007,239000
"RL","SWISU",5,1930,1950,2008,91000
"RL","Edwards",5,1941,1960,2009,117000
"RM","BrDale",5,1973,1973,2006,83000
"RL","Timber",5,2006,2007,2008,167500
"RL","Edwards",3,1914,1950,2010,58500
"RL","NAmes",7,1970,1970,2008,237500
"RM","OldTown",7,1920,1950,2006,157000
"RL","Sawyer",7,1918,2007,2007,112000
"RL","Edwards",5,1939,1950,2009,105000
"RM","IDOTRR",8,1922,2007,2010,125500
"RL","NWAmes",5,1978,1978,2006,250000
"RM","OldTown",7,1916,1950,2007,136000
"RL","Gilbert",5,2006,2007,2009,377500
"RM","BrkSide",6,1941,1950,2007,131000
"RL","CollgCr",5,2000,2000,2006,235000
"RL","NAmes",5,1967,1967,2009,124000
"RL","NAmes",5,1967,1967,2006,123000
"RM","OldTown",7,1905,2000,2008,163000
"RL","Blmngtn",5,2006,2006,2006,246578
"RL","Timber",5,2005,2006,2007,281213
"RL","Timber",5,1948,1950,2010,160000
"RM","BrkSide",8,1920,2004,2007,137500
"RL","NAmes",4,1950,1982,2009,138000
"RL","SWISU",6,1925,1990,2009,137450
"RM","BrkSide",7,1929,1950,2008,120000
"RL","Gilbert",5,2004,2004,2008,193000
"RL","CollgCr",5,2006,2006,2006,193879
"RL","Somerst",5,2007,2007,2007,282922
"RL","OldTown",4,1915,1950,2006,105000
"RM","Crawfor",5,2004,2005,2008,275000
"RL","CollgCr",7,1972,2007,2009,133000
"RL","Mitchel",5,1985,1985,2009,112000
"RM","OldTown",7,1910,1950,2010,125500
"RL","NWAmes",6,1986,1991,2008,215000
"RL","CollgCr",5,2001,2001,2009,230000
"RL","NAmes",8,1950,2005,2009,140000
"RL","NAmes",5,1949,1950,2009,90000
"RL","SawyerW",5,2005,2006,2009,257000
"RL","BrkSide",7,1923,2000,2008,207000
"RL","Blmngtn",5,2007,2007,2009,175900
"RM","OldTown",6,1885,1950,2010,122500
"RL","NoRidge",5,1998,1998,2009,340000
"RL","NAmes",5,1963,1963,2008,124000
"RL","Crawfor",5,1969,1969,2006,223000
"RL","NWAmes",6,1968,1968,2006,179900
"RL","NPkVill",5,1977,1977,2010,127500
"RM","CollgCr",5,2003,2003,2008,136500
"RL","Edwards",7,1966,1966,2006,274970
"RL","NAmes",5,1958,1983,2007,144000
"RL","NAmes",6,1959,1959,2008,142000
"RL","NoRidge",5,1994,1994,2008,271000
"RL","NAmes",6,1945,1950,2008,140000
"RM","OldTown",7,1940,1992,2010,119000
"RL","NWAmes",7,1981,1981,2007,182900
"RL","Gilbert",5,2005,2005,2006,192140
"RL","NPkVill",6,1976,1976,2009,143750
"RL","OldTown",6,1927,2007,2007,64500
"RL","Gilbert",5,2000,2000,2008,186500
"RL","Mitchel",5,1977,1977,2006,160000
"RL","NAmes",9,1962,2005,2008,174000
"RL","NAmes",6,1971,1971,2007,120500
"RL","NridgHt",5,2008,2008,2008,394617
"RM","OldTown",7,1957,1996,2010,149700
"RL","NWAmes",6,1979,1979,2007,197000
"RL","Crawfor",7,1922,1994,2008,191000
"RM","CollgCr",5,2004,2004,2008,149300
"FV","Somerst",5,2008,2008,2009,310000
"RL","BrkSide",6,1916,1950,2009,121000
"RL","CollgCr",5,2004,2004,2007,179600
"RL","Sawyer",5,1966,1966,2007,129000
"RL","Mitchel",7,1962,1962,2010,157900
"RL","CollgCr",5,1995,1996,2007,240000
"RL","Edwards",7,1910,2000,2007,112000
"RM","MeadowV",7,1970,1970,2006,92000
"RL","NAmes",5,1974,1974,2009,136000
"RL","Somerst",5,2008,2009,2009,287090
"RM","Edwards",5,2005,2005,2006,145000
"RL","Mitchel",5,2006,2006,2006,84500
"FV","Somerst",5,2004,2005,2009,185000
"RL","Gilbert",5,1999,2000,2007,175000
"RL","NWAmes",6,1978,1988,2010,210000
"RL","Crawfor",9,1941,2006,2010,266500
"RL","NAmes",6,1950,1996,2010,142125
"RL","Edwards",6,1965,1965,2008,147500
